machine_id,reading_no,hours_since_start,load,temperature,vibration_rms,shaft_speed_rpm,post_inspection_RUL_estimate_hours,remaining_life_hours
M01,0,0.0,56.431,35.62,1.1854,900.7,305.341,305.275
M01,1,4.7,58.254,34.822,1.1463,903.14,303.676,302.797
M01,2,9.401,57.786,35.544,1.246,907.03,295.961,296.389
M01,3,14.101,60.023,36.805,1.1804,917.77,293.434,291.293
M01,4,18.801,58.685,37.144,1.1952,910.6,286.454,286.568
M01,5,23.502,58.746,36.866,1.2207,924.43,280.609,281.275
M01,6,28.202,61.234,37.406,1.2726,922.91,278.919,278.241
M01,7,32.902,62.092,37.371,1.016,927.93,272.88,273.351
M01,8,37.603,61.374,38.387,1.0958,936.31,265.965,267.648
M01,9,42.303,62.548,38.713,1.314,930.26,263.113,263.461
M01,10,47.003,64.12,37.77,1.1136,924.97,257.708,258.627
M01,11,51.704,62.75,38.524,1.213,932.67,256.049,255.424
M01,12,56.404,63.317,38.442,1.2557,922.18,248.375,249.571
M01,13,61.104,61.282,38.648,1.3508,927.6,246.788,246.123
M01,14,65.804,61.074,37.255,1.1198,926.57,239.279,240.602
M01,15,70.505,62.309,39.994,1.3296,919.36,234.254,234.611
M01,16,75.205,59.129,37.86,1.2366,924.07,233.41,232.57
M01,17,79.905,61.259,37.843,1.3655,926.43,224.302,224.23
M01,18,84.606,60.169,38.597,1.6382,923.26,220.36,221.384
M01,19,89.306,59.391,38.973,1.5662,932.27,219.267,217.804
M01,20,94.006,56.869,37.099,1.4474,912.08,211.744,211.109
M01,21,98.707,54.37,38.275,1.5313,909.28,209.913,207.916
M01,22,103.407,57.286,38.634,1.2722,907.24,207.164,207.977
M01,23,108.107,54.379,38.046,1.7167,911.67,198.182,198.341
M01,24,112.808,51.417,38.688,1.6066,906.46,192.898,192.767
M01,25,117.508,52.966,37.18,1.5337,898.38,193.28,191.152
M01,26,122.208,54.891,38.847,1.8697,898.14,183.646,183.803
M01,27,126.909,51.219,36.644,1.7015,906.47,179.053,180.331
M01,28,131.609,55.082,39.077,1.8427,901.79,177.314,176.008
M01,29,136.309,50.59,38.968,1.9144,907.08,171.619,171.436
M01,30,141.01,48.267,37.168,2.1352,909.3,164.244,164.627
M01,31,145.71,48.491,37.079,2.017,886.98,164.008,164.013
M01,32,150.41,51.2,38.9,2.0861,903.65,154.883,156.933
M01,33,155.111,48.778,37.586,2.0086,881.13,153.378,152.462
M01,34,159.811,50.589,39.377,2.2,885.75,146.441,145.903
M01,35,164.511,50.402,38.737,2.2207,883.08,145.432,145.255
M01,36,169.212,51.193,40.537,2.6972,889.8,136.127,136.98
M01,37,173.912,48.497,39.358,2.4604,882.88,132.803,133.532
M01,38,178.612,47.644,37.901,2.3774,886.24,127.463,128.339
M01,39,183.312,49.031,37.807,2.8468,876.05,123.44,124.536
M01,40,188.013,59.043,41.971,2.6998,878.97,124.519,122.79
M01,41,192.713,53.495,40.133,2.9004,895.42,113.778,113.912
M01,42,197.413,54.312,40.39,2.9906,888.21,109.158,108.687
M01,43,202.114,55.937,41.324,3.0102,894.57,106.904,107.625
M01,44,206.814,56.286,41.916,3.315,910.16,101.175,101.938
M01,45,211.514,59.716,41.394,3.3708,897.39,96.079,95.152
M01,46,216.215,55.95,41.852,3.3501,893.59,92.567,92.859
M01,47,220.915,58.468,40.641,3.6483,900.81,87.143,87.38
M01,48,225.615,60.315,43.612,3.3803,898.96,84.884,83.157
M01,49,230.316,62.135,43.253,3.7761,901.75,75.614,75.948
M01,50,235.016,62.176,44.471,3.9347,920.72,77.3,75.556
M01,51,239.716,63.178,44.036,3.9587,906.99,70.612,69.622
M01,52,244.417,63.495,45.515,4.2733,910.3,64.374,62.553
M01,53,249.117,59.083,43.322,3.985,913.69,62.285,60.774
M01,54,253.817,61.009,43.459,4.2775,908.42,55.32,55.991
M02,0,0.0,52.356,36.922,0.8241,1028.36,266.919,268.501
M02,1,4.354,50.715,36.71,0.807,1054.14,267.094,266.026
M02,2,8.708,51.284,36.322,0.7814,1051.98,259.941,260.093
M02,3,13.062,53.617,38.422,0.9018,1043.73,255.508,256.251
M02,4,17.416,52.773,38.283,0.917,1061.21,251.232,250.375
M02,5,21.77,54.162,36.065,0.9108,1075.19,250.408,248.803
M02,6,26.124,53.875,36.81,0.7543,1068.98,241.185,242.786
M02,7,30.478,55.052,37.181,1.0078,1064.41,235.904,238.214
M02,8,34.832,53.639,38.131,1.0518,1065.37,236.179,235.419
M02,9,39.186,55.942,38.965,0.9886,1057.28,232.434,231.613
M02,10,43.54,56.106,39.703,1.0204,1061.72,224.618,226.611
M02,11,47.895,52.159,38.737,0.9338,1045.82,220.904,221.189
M02,12,52.249,57.241,40.711,1.0781,1075.44,219.455,219.363
M02,13,56.603,53.691,38.558,0.9716,1053.0,214.546,213.742
M02,14,60.957,51.815,38.707,0.9323,1067.69,213.381,213.512
M02,15,65.311,56.025,39.001,1.1106,1059.11,203.462,204.116
M02,16,69.665,53.276,40.169,1.1904,1065.69,203.094,203.437
M02,17,74.019,55.183,40.212,1.3612,1059.22,196.381,196.512
M02,18,78.373,56.264,40.386,1.2606,1077.05,196.259,195.182
M02,19,82.727,52.276,38.693,1.2969,1058.54,187.733,189.323
M02,20,87.081,48.573,40.093,1.2397,1053.17,184.52,183.414
M02,21,91.435,50.666,39.367,1.2916,1051.49,181.632,181.013
M02,22,95.789,51.244,41.576,1.3683,1043.37,178.102,177.879
M02,23,100.143,48.445,38.63,1.3433,1054.79,175.691,176.47
M02,24,104.497,45.722,38.506,1.514,1053.02,170.612,170.898
M02,25,108.851,46.006,38.174,1.2182,1052.69,164.875,166.866
M02,26,113.205,48.6,38.228,1.4762,1049.87,156.91,159.874
M02,27,117.559,50.028,40.3,1.5496,1043.72,155.673,157.234
M02,28,121.913,44.782,38.873,1.7023,1037.17,154.204,153.535
M02,29,126.267,45.866,38.364,1.5742,1048.61,150.217,148.881
M02,30,130.621,46.469,39.473,1.9244,1029.9,145.817,145.559
M02,31,134.975,42.64,38.711,1.673,1023.95,142.559,144.125
M02,32,139.329,42.106,37.774,1.523,1038.92,136.98,138.666
M02,33,143.684,43.619,38.933,1.9066,1026.79,132.606,132.403
M02,34,148.038,44.6,39.942,2.0735,1032.27,128.358,128.062
M02,35,152.392,43.196,38.26,1.9109,1023.54,127.315,128.559
M02,36,156.746,43.53,38.882,2.1716,1027.99,121.006,120.106
M02,37,161.1,43.764,39.771,2.2661,1019.72,117.032,118.48
M02,38,165.454,45.122,39.034,2.3459,1017.69,114.537,113.201
M02,39,169.808,44.7,39.233,2.0722,1028.04,110.814,111.107
M02,40,174.162,47.32,40.504,2.4134,1041.67,103.795,103.559
M02,41,178.516,44.199,38.98,2.7366,1028.54,102.235,103.516
M02,42,182.87,46.406,39.765,2.7339,1034.19,96.912,96.397
M02,43,187.224,50.833,43.018,2.782,1024.08,92.861,92.098
M02,44,191.578,45.768,41.449,2.7338,1035.06,88.145,89.569
M02,45,195.932,48.38,42.338,3.0741,1022.38,84.884,85.498
M02,46,200.286,49.948,42.183,3.1031,1034.96,83.409,82.938
M02,47,204.64,50.808,41.253,3.1363,1047.83,77.504,75.893
M02,48,208.994,51.571,43.147,3.2186,1023.79,76.259,76.449
M02,49,213.348,54.225,45.035,3.3639,1045.92,68.94,66.887
M02,50,217.702,52.995,42.827,3.6613,1043.07,64.912,64.748
M02,51,222.056,57.876,44.878,3.9843,1045.31,60.423,59.836
M02,52,226.41,52.851,44.207,3.9556,1050.59,55.141,56.833
M02,53,230.764,53.081,43.337,3.9371,1048.84,50.644,52.26
M02,54,235.119,54.02,45.306,4.1515,1033.35,48.228,48.941
M03,0,0.0,40.136,33.388,0.7667,1209.07,178.675,179.154
M03,1,2.801,42.737,34.801,0.8097,1197.88,176.168,176.414
M03,2,5.603,36.074,30.966,0.6882,1197.4,172.99,173.954
M03,3,8.404,40.977,33.68,0.8201,1215.29,168.394,168.451
M03,4,11.205,40.179,34.09,0.9064,1201.36,169.343,168.695
M03,5,14.007,44.22,35.471,0.8982,1202.48,163.183,164.399
M03,6,16.808,44.793,36.006,0.8041,1209.89,160.501,159.373
M03,7,19.609,40.942,35.443,1.0757,1207.03,156.362,155.595
M03,8,22.411,42.106,36.038,0.9272,1219.47,154.416,154.604
M03,9,25.212,44.96,35.134,1.0548,1223.33,151.782,154.03
M03,10,28.013,47.201,37.228,0.7721,1209.88,153.344,152.413
M03,11,30.815,45.919,36.883,0.8831,1215.7,150.606,150.905
M03,12,33.616,48.922,37.367,1.219,1233.29,144.839,143.984
M03,13,36.417,45.527,37.758,1.1202,1229.03,144.401,143.764
M03,14,39.219,40.775,34.988,0.9507,1219.41,142.296,140.614
M03,15,42.02,46.649,37.702,1.2564,1220.18,140.197,139.994
M03,16,44.821,44.211,37.358,0.9878,1217.73,132.979,133.059
M03,17,47.623,44.599,37.451,1.1587,1216.16,134.491,134.694
M03,18,50.424,41.823,37.442,1.0369,1208.65,128.063,127.672
M03,19,53.225,41.127,37.87,1.3609,1220.9,123.952,123.913
M03,20,56.027,38.402,37.389,1.2665,1213.79,123.724,122.624
M03,21,58.828,37.244,35.965,1.2592,1206.39,120.413,120.991
M03,22,61.63,37.871,36.1,1.3131,1201.67,119.111,118.867
M03,23,64.431,35.745,35.047,1.4688,1200.48,114.079,116.196
M03,24,67.232,37.246,37.7,1.4101,1202.13,107.618,110.291
M03,25,70.034,39.509,36.721,1.3925,1190.37,110.082,110.976
M03,26,72.835,38.49,38.775,1.461,1211.6,107.226,107.191
M03,27,75.636,34.763,38.727,1.4919,1195.48,108.46,107.609
M03,28,78.438,36.283,37.696,1.5445,1189.15,101.247,101.215
M03,29,81.239,33.861,34.81,1.6529,1192.46,100.659,99.992
M03,30,84.04,30.539,35.133,1.6805,1187.16,96.231,95.4
M03,31,86.842,32.312,36.589,1.7667,1180.99,91.15,92.157
M03,32,89.643,33.072,36.546,1.5363,1168.79,92.334,92.555
M03,33,92.444,32.83,35.821,1.9843,1184.22,87.44,88.612
M03,34,95.246,33.527,35.139,1.9411,1191.12,82.721,84.425
M03,35,98.047,32.017,36.598,2.0448,1176.92,83.163,82.114
M03,36,100.848,31.709,37.212,1.9239,1183.34,79.75,79.647
M03,37,103.65,37.022,38.315,2.4761,1174.16,76.461,77.738
M03,38,106.451,32.208,37.725,2.2912,1173.06,74.74,75.362
M03,39,109.252,37.282,39.867,2.4093,1190.82,72.156,74.037
M03,40,112.054,33.92,37.964,2.3865,1180.84,71.259,69.377
M03,41,114.855,37.234,39.169,2.5865,1178.88,67.346,66.897
M03,42,117.656,40.504,39.198,2.7111,1184.36,66.11,66.198
M03,43,120.458,39.779,40.479,2.8428,1184.99,64.359,63.158
M03,44,123.259,38.19,40.155,2.4966,1187.64,55.832,59.48
M03,45,126.06,40.659,40.291,2.9511,1190.65,55.13,53.759
M03,46,128.862,45.077,43.439,3.2248,1188.88,53.047,52.916
M03,47,131.663,41.174,41.044,3.101,1190.84,48.695,49.437
M03,48,134.464,42.213,41.707,3.257,1191.21,50.242,49.625
M03,49,137.266,40.745,40.298,3.4289,1204.75,44.481,44.037
M03,50,140.067,40.37,41.655,3.5832,1200.23,44.162,43.53
M03,51,142.868,44.605,43.547,3.722,1198.47,39.506,38.027
M03,52,145.67,46.981,44.011,3.7603,1202.49,40.244,40.123
M03,53,148.471,46.296,43.166,3.8492,1205.29,35.559,34.925
M03,54,151.272,45.508,44.045,4.0126,1213.42,32.411,32.032
M04,0,0.0,53.78,34.317,0.9965,1311.72,198.37,197.96
M04,1,3.206,51.092,33.425,0.6622,1306.34,196.279,196.283
M04,2,6.412,58.52,35.984,0.9542,1313.33,193.387,193.915
M04,3,9.618,58.919,36.481,1.1214,1309.62,188.377,189.332
M04,4,12.824,59.096,35.379,0.9382,1317.16,187.245,187.783
M04,5,16.03,56.473,35.353,0.858,1321.96,184.233,184.124
M04,6,19.236,56.235,35.786,1.0226,1332.17,184.083,183.965
M04,7,22.443,59.195,37.495,1.0064,1333.74,177.308,177.952
M04,8,25.649,57.769,36.318,1.2348,1327.23,173.986,174.182
M04,9,28.855,59.753,37.349,1.0012,1312.06,170.908,169.589
M04,10,32.061,59.22,36.752,1.117,1337.22,172.895,172.462
M04,11,35.267,60.675,36.405,0.982,1323.11,165.982,165.329
M04,12,38.473,59.2,37.549,1.2538,1326.78,161.152,161.809
M04,13,41.679,63.368,39.603,1.3314,1330.69,162.181,161.051
M04,14,44.885,61.106,38.735,1.0893,1330.6,155.764,157.12
M04,15,48.091,62.106,38.496,1.461,1332.56,150.843,151.995
M04,16,51.297,59.189,37.717,1.4065,1325.58,150.166,149.814
M04,17,54.503,59.279,38.051,1.2283,1323.79,145.495,145.679
M04,18,57.709,61.235,37.207,1.3359,1321.53,142.85,143.745
M04,19,60.915,55.569,38.481,1.3154,1331.69,140.805,140.743
M04,20,64.121,55.96,35.833,1.5804,1318.76,136.179,138.181
M04,21,67.328,55.33,37.4,1.4783,1322.16,135.317,134.298
M04,22,70.534,54.814,37.147,1.4577,1322.09,134.344,133.646
M04,23,73.74,53.595,36.342,1.1838,1323.81,128.067,129.254
M04,24,76.946,52.246,36.598,1.4046,1297.52,127.988,125.531
M04,25,80.152,51.13,35.435,1.3675,1304.18,125.649,125.766
M04,26,83.358,51.033,37.417,1.5408,1291.79,118.921,118.555
M04,27,86.564,47.877,36.966,1.515,1308.97,117.655,117.665
M04,28,89.77,49.281,37.027,1.8134,1302.67,113.494,111.962
M04,29,92.976,48.888,38.57,1.9558,1303.46,111.298,112.526
M04,30,96.182,51.962,37.771,1.726,1286.86,107.033,106.612
M04,31,99.388,47.393,36.267,1.7835,1287.98,107.118,104.836
M04,32,102.594,50.287,37.332,1.9357,1287.71,99.772,102.424
M04,33,105.8,44.833,37.714,1.8795,1272.11,96.854,96.898
M04,34,109.006,49.339,38.285,1.9449,1295.12,98.617,97.889
M04,35,112.213,49.819,37.395,2.1371,1292.42,90.892,92.076
M04,36,115.419,49.655,38.805,2.2564,1280.87,90.676,90.058
M04,37,118.625,51.967,38.613,2.5043,1278.83,90.289,89.244
M04,38,121.831,49.104,37.252,2.3889,1272.31,84.973,84.006
M04,39,125.037,48.941,37.994,2.3439,1289.44,83.941,83.167
M04,40,128.243,54.701,40.457,2.7732,1283.72,78.617,77.821
M04,41,131.449,51.875,40.3,2.6273,1287.51,74.846,74.196
M04,42,134.655,55.851,41.255,2.7747,1301.18,72.121,72.745
M04,43,137.861,52.415,40.015,2.943,1303.95,70.071,68.877
M04,44,141.067,50.441,40.155,3.0886,1299.02,61.248,62.574
M04,45,144.273,59.33,42.082,3.2014,1301.12,62.388,62.783
M04,46,147.479,56.675,41.471,3.1716,1303.36,55.454,56.611
M04,47,150.685,57.068,42.778,3.4838,1282.15,55.094,55.345
M04,48,153.891,55.719,41.785,3.2518,1311.03,48.88,50.06
M04,49,157.098,57.045,43.807,3.5987,1306.84,51.772,51.975
M04,50,160.304,56.029,41.789,3.5622,1315.62,48.298,48.32
M04,51,163.51,59.968,42.368,3.962,1316.33,42.276,42.399
M04,52,166.716,56.163,42.767,3.9691,1302.46,43.256,42.844
M04,53,169.922,61.153,43.845,4.3012,1318.73,40.71,41.508
M04,54,173.128,61.273,46.158,4.0597,1311.55,36.675,36.349
M05,0,0.0,61.401,40.573,1.0529,1461.71,290.064,290.474
M05,1,4.576,57.673,40.789,0.8462,1467.8,284.236,284.616
M05,2,9.152,57.012,40.801,1.1976,1473.55,279.653,281.168
M05,3,13.728,60.878,41.536,1.0948,1452.46,278.008,277.452
M05,4,18.304,61.402,39.283,1.2582,1479.35,271.762,272.079
M05,5,22.879,58.001,39.925,1.229,1470.43,267.508,267.172
M05,6,27.455,60.767,42.129,1.0602,1483.43,259.78,261.651
M05,7,32.031,63.829,41.497,1.2317,1471.87,262.606,261.424
M05,8,36.607,62.626,43.109,1.1021,1470.87,254.006,253.75
M05,9,41.183,63.315,44.631,1.1405,1480.13,249.251,250.819
M05,10,45.759,66.25,44.586,1.5073,1470.14,248.309,247.338
M05,11,50.335,63.14,44.255,1.2776,1475.92,241.276,241.094
M05,12,54.911,65.162,44.497,1.3636,1485.3,235.02,235.291
M05,13,59.486,61.594,42.988,1.2961,1464.86,230.43,230.87
M05,14,64.062,60.536,43.304,1.223,1486.62,222.045,223.435
M05,15,68.638,62.331,44.655,1.5886,1479.38,225.326,225.632
M05,16,73.214,61.455,43.138,1.3386,1480.24,219.657,218.19
M05,17,77.79,66.099,45.167,1.6494,1475.71,215.477,214.514
M05,18,82.366,59.106,43.139,1.5133,1477.22,207.918,209.204
M05,19,86.942,57.207,43.66,1.4321,1457.71,203.843,203.856
M05,20,91.518,58.877,42.26,1.7448,1468.64,197.721,198.111
M05,21,96.093,59.321,43.761,1.4973,1472.36,200.444,199.666
M05,22,100.669,59.323,43.922,1.6054,1454.63,190.883,191.499
M05,23,105.245,55.468,41.928,1.5118,1454.67,188.607,188.285
M05,24,109.821,57.3,43.035,1.5772,1451.35,183.524,182.199
M05,25,114.397,54.651,42.833,1.3862,1462.3,182.023,180.025
M05,26,118.973,54.459,41.378,1.8016,1460.2,173.652,175.334
M05,27,123.549,52.209,40.946,1.6839,1463.85,169.788,171.056
M05,28,128.125,52.566,43.762,1.7948,1449.45,163.42,162.222
M05,29,132.701,48.252,41.957,1.8681,1453.62,162.678,161.696
M05,30,137.276,56.13,42.769,2.0714,1438.87,154.88,155.81
M05,31,141.852,51.293,42.693,1.9574,1451.31,156.801,155.438
M05,32,146.428,48.073,42.434,2.0643,1436.41,146.847,148.414
M05,33,151.004,50.411,42.447,1.9437,1438.41,142.559,143.288
M05,34,155.58,53.256,43.933,2.1315,1438.91,140.32,141.137
M05,35,160.156,49.941,43.273,2.1238,1434.03,134.595,133.865
M05,36,164.732,52.172,43.933,2.4217,1436.67,127.356,128.81
M05,37,169.308,52.593,44.473,2.1922,1446.28,126.092,124.903
M05,38,173.883,54.149,43.429,2.5138,1432.37,119.828,122.172
M05,39,178.459,51.686,43.004,2.3851,1434.6,119.248,119.421
M05,40,183.035,55.098,45.516,2.7678,1442.42,114.096,112.519
M05,41,187.611,54.985,44.326,2.9806,1448.72,107.305,107.617
M05,42,192.187,56.914,45.722,2.8417,1442.36,107.149,106.861
M05,43,196.763,56.65,46.617,2.9291,1442.84,102.965,100.051
M05,44,201.339,58.238,46.904,3.2476,1437.78,94.131,93.37
M05,45,205.915,58.829,48.303,2.9033,1454.8,93.779,93.404
M05,46,210.49,56.841,46.617,3.2826,1441.17,89.146,88.863
M05,47,215.066,56.552,46.538,3.3658,1457.83,83.007,84.478
M05,48,219.642,56.004,46.773,3.3065,1457.58,79.093,79.212
M05,49,224.218,61.159,49.309,3.5705,1449.27,76.353,75.817
M05,50,228.794,61.648,47.252,3.8544,1444.78,69.842,69.09
M05,51,233.37,67.406,51.836,3.9589,1451.01,66.658,65.467
M05,52,237.946,63.488,48.936,4.1081,1462.3,59.746,59.835
M05,53,242.522,63.607,48.435,4.2057,1468.28,55.076,54.088
M05,54,247.098,62.064,48.525,4.0747,1464.73,52.099,52.637
M06,0,0.0,40.562,29.498,0.6519,1584.64,238.553,238.143
M06,1,3.983,49.31,32.192,0.8461,1584.29,234.125,234.618
M06,2,7.965,40.747,30.448,0.9492,1602.54,232.16,231.9
M06,3,11.948,45.872,32.855,0.5116,1598.37,229.484,229.597
M06,4,15.931,47.205,33.48,0.7485,1600.61,221.574,222.912
M06,5,19.914,44.842,33.258,1.0155,1602.09,222.472,222.374
M06,6,23.896,47.184,33.216,0.8354,1609.91,215.733,215.764
M06,7,27.879,45.872,31.932,0.9337,1606.91,213.035,213.225
M06,8,31.862,49.389,34.607,1.0615,1609.41,207.376,208.688
M06,9,35.845,47.915,33.454,0.9104,1609.12,208.189,207.296
M06,10,39.827,48.408,35.107,0.8399,1609.42,202.128,201.499
M06,11,43.81,54.242,34.916,0.9857,1607.07,200.82,201.597
M06,12,47.793,47.531,33.304,0.9226,1607.23,195.301,194.459
M06,13,51.775,55.082,35.525,1.0675,1612.05,192.105,190.399
M06,14,55.758,49.757,34.197,1.0244,1604.6,191.289,189.826
M06,15,59.741,48.942,35.588,0.9031,1595.28,186.945,185.733
M06,16,63.724,45.054,32.755,1.1228,1616.29,182.546,182.554
M06,17,67.706,47.03,34.577,1.0297,1597.88,177.525,177.673
M06,18,71.689,46.059,34.528,1.1583,1610.94,172.379,172.788
M06,19,75.672,42.352,33.876,1.0885,1613.38,171.104,170.144
M06,20,79.654,41.443,34.006,1.1524,1609.85,162.985,163.447
M06,21,83.637,46.419,33.565,1.1782,1609.44,164.514,163.745
M06,22,87.62,44.988,35.656,1.3069,1596.29,162.511,160.952
M06,23,91.603,42.392,33.63,1.2892,1606.94,154.592,154.177
M06,24,95.585,42.184,35.709,1.2684,1600.27,151.83,152.731
M06,25,99.568,41.229,33.435,1.1848,1603.06,145.316,147.354
M06,26,103.551,38.219,33.241,1.448,1590.45,144.886,144.655
M06,27,107.534,41.115,34.603,1.3845,1594.87,141.572,140.529
M06,28,111.516,36.372,34.648,1.3222,1593.92,138.963,137.939
M06,29,115.499,38.968,34.107,1.6281,1584.73,134.391,134.156
M06,30,119.482,37.121,33.15,1.4288,1579.33,129.572,131.4
M06,31,123.464,41.565,35.986,1.499,1593.71,128.981,127.559
M06,32,127.447,37.969,33.775,1.7842,1564.49,122.35,122.15
M06,33,131.43,38.793,34.168,1.772,1587.24,114.709,116.865
M06,34,135.413,36.606,34.176,1.9284,1565.39,114.103,115.179
M06,35,139.395,40.096,36.178,1.9849,1581.64,109.957,111.118
M06,36,143.378,38.549,34.741,2.0931,1572.38,108.88,108.37
M06,37,147.361,32.832,33.391,1.6691,1585.29,106.547,105.521
M06,38,151.343,36.249,33.509,2.3109,1566.96,101.718,100.589
M06,39,155.326,37.403,36.198,2.1552,1571.29,98.086,97.354
M06,40,159.309,39.667,35.315,2.6084,1569.61,92.834,91.229
M06,41,163.292,38.903,35.208,2.3753,1571.95,90.225,90.13
M06,42,167.274,37.67,35.507,2.3789,1575.48,83.8,84.709
M06,43,171.257,46.87,37.393,2.8166,1580.38,80.962,81.616
M06,44,175.24,41.673,37.214,2.6341,1588.85,79.031,79.617
M06,45,179.223,43.295,37.465,2.8709,1581.29,76.398,75.912
M06,46,183.205,45.235,38.554,3.1167,1582.08,72.088,72.395
M06,47,187.188,49.607,38.613,3.2759,1577.03,68.783,68.566
M06,48,191.171,47.942,39.745,3.1379,1591.47,66.891,67.143
M06,49,195.153,47.069,39.131,3.3178,1594.13,58.613,59.973
M06,50,199.136,49.343,40.561,3.6106,1596.88,58.502,58.11
M06,51,203.119,48.581,40.073,3.8693,1593.28,53.685,54.351
M06,52,207.102,49.676,40.809,3.8616,1588.76,49.807,50.918
M06,53,211.084,50.72,41.809,4.0342,1592.28,48.412,48.422
M06,54,215.067,49.967,41.663,3.833,1604.47,45.872,45.395
M07,0,0.0,41.882,35.07,0.9049,1735.62,237.336,236.676
M07,1,3.339,42.553,36.464,0.7006,1747.83,235.337,236.331
M07,2,6.677,45.007,35.852,1.0173,1749.67,232.335,233.715
M07,3,10.016,45.285,35.875,0.8097,1750.75,228.895,228.128
M07,4,13.355,47.034,37.895,0.87,1771.89,223.636,224.129
M07,5,16.693,44.196,38.201,0.6298,1742.4,219.87,219.598
M07,6,20.032,45.389,37.146,0.9346,1751.69,219.76,219.229
M07,7,23.371,45.835,37.276,0.6016,1743.54,214.769,214.712
M07,8,26.709,46.861,37.26,0.6137,1756.7,209.831,209.424
M07,9,30.048,44.921,38.118,0.977,1758.75,208.185,208.281
M07,10,33.386,46.152,38.549,0.9171,1762.16,203.477,203.345
M07,11,36.725,47.66,37.896,1.0258,1765.34,199.813,201.622
M07,12,40.064,47.923,39.337,0.8538,1745.68,198.776,199.055
M07,13,43.402,50.028,39.759,0.9135,1751.03,192.709,192.319
M07,14,46.741,48.749,39.113,1.0684,1760.71,190.241,190.178
M07,15,50.08,46.946,39.027,1.0879,1764.7,185.133,185.942
M07,16,53.418,45.946,38.447,1.3057,1759.17,182.651,182.229
M07,17,56.757,45.592,39.115,1.0106,1775.15,179.278,180.077
M07,18,60.096,45.207,39.996,1.1456,1761.77,174.199,174.294
M07,19,63.434,49.365,39.748,1.1087,1756.47,169.727,170.669
M07,20,66.773,42.426,39.019,1.1233,1752.43,168.072,168.919
M07,21,70.112,42.766,38.159,1.2524,1754.13,162.925,162.248
M07,22,73.45,40.42,38.787,1.3798,1739.52,159.697,159.092
M07,23,76.789,46.234,39.443,1.2134,1731.04,157.575,158.425
M07,24,80.128,39.173,38.297,1.3536,1732.53,151.766,151.285
M07,25,83.466,40.177,38.777,1.5981,1736.79,148.147,150.01
M07,26,86.805,34.739,36.938,1.3514,1737.42,146.102,144.091
M07,27,90.143,38.987,38.587,1.3176,1727.37,142.938,142.765
M07,28,93.482,36.569,37.532,1.5003,1732.54,134.964,135.504
M07,29,96.821,36.6,38.003,1.6754,1734.98,133.914,134.37
M07,30,100.159,37.23,39.312,1.6954,1724.54,132.93,131.638
M07,31,103.498,33.978,37.608,1.5919,1726.16,129.347,129.996
M07,32,106.837,35.716,37.893,1.7805,1718.16,120.347,121.447
M07,33,110.175,35.773,38.81,2.054,1727.43,120.859,120.374
M07,34,113.514,32.96,37.199,1.7598,1734.2,114.714,114.753
M07,35,116.853,33.912,37.747,2.0746,1718.13,111.187,112.58
M07,36,120.191,37.003,38.749,1.8187,1714.93,110.422,110.476
M07,37,123.53,34.357,36.837,2.1296,1718.84,108.192,107.158
M07,38,126.869,37.609,40.391,2.3796,1721.43,97.605,99.982
M07,39,130.207,37.828,40.77,2.3811,1718.15,97.534,96.926
M07,40,133.546,34.546,38.464,2.4016,1716.62,94.759,94.128
M07,41,136.885,39.245,42.243,2.3028,1696.61,91.612,92.159
M07,42,140.223,42.265,42.133,2.8277,1722.37,84.625,84.167
M07,43,143.562,42.027,40.586,2.8122,1741.89,84.481,84.034
M07,44,146.9,43.891,43.218,2.9233,1721.92,84.121,81.549
M07,45,150.239,41.325,41.315,2.8703,1724.76,72.296,75.058
M07,46,153.578,43.915,42.895,3.2817,1725.33,73.169,71.878
M07,47,156.916,45.631,43.518,3.3089,1733.74,69.765,69.269
M07,48,160.255,44.152,42.988,3.497,1737.09,66.193,65.773
M07,49,163.594,47.693,44.706,3.0541,1736.38,61.238,63.457
M07,50,166.932,46.356,42.814,3.3166,1746.78,60.383,60.122
M07,51,170.271,45.545,44.742,3.9309,1741.95,55.263,54.214
M07,52,173.61,49.895,45.239,3.4789,1742.22,52.688,51.877
M07,53,176.948,46.88,45.41,4.0778,1740.61,46.154,45.503
M07,54,180.287,47.338,43.242,3.8031,1750.02,44.387,44.237
M08,0,0.0,61.259,41.343,0.9236,1901.52,195.966,195.177
M08,1,3.009,58.676,41.281,1.1322,1894.14,184.383,186.822
M08,2,6.017,58.592,41.348,0.9301,1897.85,187.114,186.323
M08,3,9.026,59.758,40.918,0.8904,1905.36,181.03,180.361
M08,4,12.034,61.454,41.295,1.0669,1886.46,181.748,181.439
M08,5,15.043,59.909,41.985,0.9577,1900.73,176.106,175.517
M08,6,18.051,64.795,43.293,0.9628,1908.44,171.626,173.273
M08,7,21.06,62.638,42.755,0.9639,1888.93,173.048,171.472
M08,8,24.068,60.875,42.694,1.1998,1918.27,164.944,165.576
M08,9,27.077,59.402,44.088,0.9823,1895.72,165.712,166.148
M08,10,30.085,66.506,45.016,1.0546,1928.39,164.291,162.469
M08,11,33.094,66.354,45.072,1.1731,1904.03,156.17,157.128
M08,12,36.103,64.79,44.994,1.1436,1920.47,155.602,155.031
M08,13,39.111,65.534,44.996,1.5061,1919.09,151.684,152.142
M08,14,42.12,65.393,45.705,1.1463,1907.96,151.019,151.847
M08,15,45.128,63.523,43.519,1.146,1919.61,145.255,147.171
M08,16,48.137,60.203,43.72,1.0823,1909.51,142.218,142.992
M08,17,51.145,64.868,45.307,1.3027,1914.86,140.881,141.314
M08,18,54.154,62.706,43.537,1.3007,1900.86,139.772,139.56
M08,19,57.162,60.225,44.759,1.1897,1920.97,137.27,137.306
M08,20,60.171,59.754,45.775,1.449,1905.39,133.104,133.106
M08,21,63.179,57.742,45.062,1.2538,1908.57,133.784,131.573
M08,22,66.188,53.906,43.783,1.5127,1895.81,127.51,127.261
M08,23,69.196,58.406,45.882,1.5486,1907.57,126.41,126.051
M08,24,72.205,55.986,44.32,1.6647,1890.57,123.795,122.99
M08,25,75.214,54.625,44.423,1.6874,1892.98,117.2,118.911
M08,26,78.222,58.612,46.788,1.4103,1888.69,116.179,115.497
M08,27,81.231,53.62,44.935,1.5536,1896.59,113.351,112.809
M08,28,84.239,54.049,43.571,1.7982,1884.14,108.753,110.374
M08,29,87.248,54.508,44.258,1.7761,1887.11,108.81,108.023
M08,30,90.256,51.862,42.59,2.0222,1878.63,104.627,104.127
M08,31,93.265,52.322,44.697,1.658,1875.7,98.39,98.77
M08,32,96.273,54.037,45.338,2.1932,1888.9,95.28,95.234
M08,33,99.282,55.663,45.551,1.8664,1884.98,97.909,97.469
M08,34,102.29,53.3,46.305,2.2193,1892.84,90.039,89.856
M08,35,105.299,53.308,46.157,2.0348,1867.16,90.927,89.555
M08,36,108.308,54.782,46.148,2.3242,1872.31,86.266,85.272
M08,37,111.316,56.078,45.544,2.4098,1875.11,86.135,83.976
M08,38,114.325,55.199,47.076,2.2913,1859.71,81.938,81.651
M08,39,117.333,56.456,46.707,2.7656,1868.47,75.374,75.169
M08,40,120.342,53.271,46.456,2.4822,1865.44,75.571,76.902
M08,41,123.35,57.466,45.859,2.7312,1869.41,69.047,69.726
M08,42,126.359,58.483,47.103,3.0027,1869.21,68.627,69.31
M08,43,129.367,57.882,48.596,2.797,1872.38,70.188,68.722
M08,44,132.376,58.229,47.902,2.9152,1879.17,62.29,62.284
M08,45,135.384,61.583,49.416,3.0472,1877.69,61.728,62.314
M08,46,138.393,59.828,49.746,3.0665,1874.64,58.424,58.58
M08,47,141.402,59.779,47.798,3.5149,1886.95,55.354,57.252
M08,48,144.41,59.903,49.072,3.2831,1886.81,52.864,53.815
M08,49,147.419,63.14,49.753,3.4991,1881.34,47.28,48.709
M08,50,150.427,63.082,50.17,3.6761,1888.7,44.783,45.439
M08,51,153.436,66.228,50.939,3.8532,1890.68,44.569,44.203
M08,52,156.444,64.781,51.796,3.8954,1882.68,42.388,42.609
M08,53,159.453,62.68,49.012,3.9849,1887.38,38.608,38.848
M08,54,162.461,60.421,49.863,3.9192,1891.32,36.013,36.378
M09,0,0.0,53.525,36.667,1.0534,2030.65,327.456,327.056
M09,1,4.801,53.313,37.546,1.0221,2022.75,319.365,319.44
M09,2,9.602,53.262,37.169,1.043,2026.65,318.07,317.03
M09,3,14.404,54.699,37.735,0.843,2038.81,311.535,312.12
M09,4,19.205,53.289,36.304,1.2603,2029.4,307.032,308.201
M09,5,24.006,59.239,38.854,1.1186,2029.17,300.868,301.813
M09,6,28.807,61.306,40.376,1.0512,2045.93,297.59,298.421
M09,7,33.608,58.942,39.042,1.2691,2045.8,290.951,291.118
M09,8,38.41,58.096,39.309,0.9426,2034.85,290.994,289.915
M09,9,43.211,58.889,40.378,1.2622,2041.86,281.308,282.002
M09,10,48.012,56.726,38.691,1.1027,2047.26,274.56,276.381
M09,11,52.813,59.505,40.484,1.3169,2046.94,276.2,276.444
M09,12,57.614,56.937,39.172,1.2713,2062.19,269.043,268.578
M09,13,62.416,60.619,41.617,1.3402,2035.85,262.7,262.315
M09,14,67.217,57.331,39.585,1.1895,2040.39,260.461,258.982
M09,15,72.018,55.327,40.085,1.3975,2036.12,254.246,253.685
M09,16,76.819,57.531,41.097,1.2934,2034.2,249.344,248.47
M09,17,81.62,54.068,38.003,1.5313,2039.04,242.67,242.392
M09,18,86.422,53.824,39.21,1.3115,2033.81,236.816,236.809
M09,19,91.223,51.415,39.751,1.4522,2041.28,231.538,233.078
M09,20,96.024,54.89,40.07,1.4348,2024.88,231.18,229.338
M09,21,100.825,49.372,39.48,1.279,2050.99,227.755,226.784
M09,22,105.626,52.833,40.134,1.5801,2027.94,218.609,217.412
M09,23,110.428,50.656,40.029,1.5892,2035.2,213.363,214.027
M09,24,115.229,49.02,39.969,1.6606,2019.02,207.199,207.355
M09,25,120.03,52.09,41.347,1.5176,2023.44,206.016,206.077
M09,26,124.831,47.923,39.638,1.4643,2011.88,198.345,199.128
M09,27,129.632,45.745,39.763,1.6822,2006.48,198.601,198.537
M09,28,134.434,43.626,36.696,1.5668,2008.73,189.931,189.814
M09,29,139.235,44.157,38.958,1.7158,2007.57,180.905,180.6
M09,30,144.036,47.897,39.939,1.8639,2018.86,180.824,180.313
M09,31,148.837,45.299,39.493,1.8148,2005.12,174.099,174.193
M09,32,153.638,44.589,39.208,2.1066,1996.35,167.131,167.994
M09,33,158.44,44.733,38.84,2.1526,1993.27,164.801,165.21
M09,34,163.241,48.202,40.863,2.017,2003.43,158.582,159.067
M09,35,168.042,46.098,41.462,2.2117,1984.41,158.421,156.845
M09,36,172.843,44.362,39.754,2.1388,2008.91,150.495,151.768
M09,37,177.644,45.461,40.369,2.4735,2008.43,141.713,143.063
M09,38,182.446,45.836,41.234,2.5977,2008.14,137.815,138.571
M09,39,187.247,44.401,39.649,2.5396,2012.8,131.58,129.937
M09,40,192.048,48.67,41.596,2.6053,1999.64,132.552,130.952
M09,41,196.849,50.826,42.812,2.6182,2012.2,124.402,124.697
M09,42,201.65,45.921,41.212,2.9384,1995.84,115.481,115.297
M09,43,206.452,48.476,41.196,2.9094,2005.18,117.034,117.006
M09,44,211.253,54.689,43.812,3.3914,2001.6,107.716,106.688
M09,45,216.054,52.662,43.606,3.1912,2004.26,103.232,104.016
M09,46,220.855,52.339,44.653,3.2664,2029.4,98.721,98.917
M09,47,225.656,51.718,44.646,3.3873,2009.65,94.723,94.501
M09,48,230.458,56.393,46.699,3.4814,2028.6,90.711,91.196
M09,49,235.259,53.376,43.924,3.7302,2036.66,84.228,82.979
M09,50,240.06,60.332,45.855,3.7465,2008.12,78.195,80.169
M09,51,244.861,56.37,44.968,4.1149,2028.92,75.315,75.736
M09,52,249.662,59.294,47.109,3.9403,2020.93,69.71,69.332
M09,53,254.464,55.165,44.748,4.2128,2039.88,60.925,61.095
M09,54,259.265,59.267,46.783,4.1596,2019.3,59.09,59.19
M10,0,0.0,51.017,37.692,0.7985,2178.81,280.5,280.992
M10,1,4.435,51.268,39.282,0.8791,2175.11,279.683,278.26
M10,2,8.871,50.983,38.239,0.8053,2166.45,274.028,275.166
M10,3,13.306,52.705,40.254,0.8032,2170.68,268.923,268.724
M10,4,17.742,54.747,40.085,0.866,2176.0,269.244,268.809
M10,5,22.177,53.401,38.418,0.8816,2187.31,264.701,263.93
M10,6,26.613,53.982,39.026,0.668,2182.29,259.478,258.43
M10,7,31.048,53.992,39.903,0.8312,2185.92,252.283,251.543
M10,8,35.483,54.809,41.688,1.0382,2186.79,245.549,246.214
M10,9,39.919,55.35,41.952,0.7967,2201.39,244.421,245.077
M10,10,44.354,58.283,42.43,0.9159,2179.58,243.458,242.405
M10,11,48.79,57.25,40.744,1.0159,2194.42,234.18,234.993
M10,12,53.225,59.53,42.782,1.1409,2201.61,231.915,231.166
M10,13,57.661,56.61,42.201,0.8951,2182.11,225.713,225.527
M10,14,62.096,57.709,42.288,1.139,2190.35,223.686,223.273
M10,15,66.531,56.945,42.377,1.026,2193.16,216.243,216.866
M10,16,70.967,53.442,41.926,1.2217,2197.04,214.852,212.88
M10,17,75.402,61.149,43.469,1.2466,2183.92,209.472,209.1
M10,18,79.838,54.171,42.148,1.1836,2198.51,205.442,206.351
M10,19,84.273,53.379,44.021,1.0951,2177.74,201.176,201.44
M10,20,88.709,51.448,42.038,1.2978,2180.29,195.017,194.34
M10,21,93.144,52.688,41.316,1.2037,2171.6,190.084,191.273
M10,22,97.58,52.53,42.688,1.2988,2184.18,187.789,189.55
M10,23,102.015,50.653,40.914,1.3666,2179.02,183.465,184.963
M10,24,106.45,50.592,41.138,1.2325,2177.08,177.591,178.314
M10,25,110.886,45.936,40.821,1.2877,2157.69,173.38,174.56
M10,26,115.321,50.026,42.856,1.4601,2156.15,170.218,170.637
M10,27,119.757,49.551,42.422,1.6773,2161.66,165.321,165.664
M10,28,124.192,47.261,41.567,1.4885,2169.88,162.896,162.958
M10,29,128.628,44.057,39.723,1.6275,2167.57,160.217,159.009
M10,30,133.063,47.702,40.539,1.6544,2168.72,155.173,157.018
M10,31,137.498,44.217,41.641,1.7041,2148.03,148.31,149.763
M10,32,141.934,48.24,42.077,1.9492,2144.99,144.967,144.421
M10,33,146.369,46.643,42.978,1.7196,2159.36,141.602,142.455
M10,34,150.805,45.74,41.356,1.9808,2154.71,135.562,136.912
M10,35,155.24,45.779,41.037,1.9941,2159.06,134.511,133.545
M10,36,159.676,46.392,41.849,2.3152,2144.0,127.058,127.395
M10,37,164.111,43.936,41.597,2.3485,2151.45,124.221,123.826
M10,38,168.546,46.557,43.892,2.2553,2146.24,114.929,115.255
M10,39,172.982,46.487,43.791,2.2255,2133.66,112.717,114.827
M10,40,177.417,47.129,42.939,2.5669,2163.5,110.962,109.658
M10,41,181.853,50.699,44.21,2.7358,2139.54,104.382,105.41
M10,42,186.288,50.039,44.008,2.7412,2147.6,102.53,101.91
M10,43,190.724,50.2,45.077,2.7675,2149.43,100.674,98.613
M10,44,195.159,53.128,45.969,2.926,2179.33,95.777,95.073
M10,45,199.594,51.142,45.142,3.0853,2152.45,88.002,87.864
M10,46,204.03,54.593,47.196,2.9957,2157.27,87.497,86.723
M10,47,208.465,53.042,46.876,3.3542,2162.12,78.68,78.396
M10,48,212.901,54.547,46.62,3.2724,2157.75,77.363,77.398
M10,49,217.336,54.308,46.624,3.4721,2166.03,69.893,69.405
M10,50,221.772,52.45,47.76,3.6564,2165.28,67.111,66.329
M10,51,226.207,55.753,47.939,3.7568,2172.62,60.542,61.459
M10,52,230.642,57.467,47.782,3.7138,2179.64,56.769,59.473
M10,53,235.078,55.874,47.755,3.9595,2167.28,51.899,54.158
M10,54,239.513,55.246,47.756,3.8645,2181.62,50.844,51.127
M11,0,0.0,44.453,34.102,0.6954,2285.48,282.291,282.065
M11,1,4.087,47.814,35.708,0.8433,2284.85,279.145,279.168
M11,2,8.175,41.795,32.497,0.6542,2288.57,272.837,273.633
M11,3,12.262,46.864,35.27,0.741,2299.84,266.658,268.516
M11,4,16.349,47.245,36.549,0.7738,2303.9,263.532,265.048
M11,5,20.437,48.552,36.233,0.9451,2312.78,257.426,259.621
M11,6,24.524,47.997,36.355,0.7606,2298.48,254.277,254.162
M11,7,28.611,48.525,36.353,0.9002,2312.89,255.379,254.315
M11,8,32.699,54.29,38.733,1.0376,2307.54,249.011,247.134
M11,9,36.786,45.75,36.066,0.8547,2316.98,244.214,245.493
M11,10,40.874,47.839,38.271,0.9059,2307.49,242.779,240.796
M11,11,44.961,49.33,37.062,1.1141,2304.34,235.358,235.78
M11,12,49.048,48.064,37.637,0.7913,2307.36,234.822,232.881
M11,13,53.136,51.882,37.553,1.0814,2300.91,227.97,228.198
M11,14,57.223,48.862,36.507,0.8847,2296.09,224.469,223.977
M11,15,61.31,50.972,39.035,1.2537,2291.62,220.072,221.618
M11,16,65.398,49.924,38.758,0.9692,2310.3,211.632,213.77
M11,17,69.485,49.403,38.983,1.0928,2304.86,210.568,209.593
M11,18,73.572,48.19,38.215,1.2424,2311.92,207.685,207.596
M11,19,77.66,43.264,37.05,1.1192,2293.94,202.418,200.978
M11,20,81.747,46.893,38.49,1.2063,2308.31,196.73,196.974
M11,21,85.834,45.321,38.972,1.2566,2288.06,194.541,194.723
M11,22,89.922,44.287,36.447,1.3434,2287.05,188.488,189.114
M11,23,94.009,43.054,37.288,1.3571,2290.54,185.771,185.759
M11,24,98.096,40.049,35.4,1.2857,2290.85,179.913,180.833
M11,25,102.184,41.472,37.081,1.19,2277.45,179.465,177.903
M11,26,106.271,42.565,36.653,1.5305,2288.36,171.911,170.974
M11,27,110.358,40.993,37.722,1.5357,2276.57,166.3,166.455
M11,28,114.446,38.129,37.591,1.7162,2275.5,162.506,163.267
M11,29,118.533,36.664,35.121,1.6871,2268.94,160.142,159.215
M11,30,122.621,37.317,36.202,1.7218,2279.56,154.404,153.687
M11,31,126.708,34.93,37.668,1.8465,2272.96,150.656,149.939
M11,32,130.795,38.243,38.104,1.9072,2279.38,144.049,143.686
M11,33,134.883,35.986,37.085,1.877,2255.88,141.623,141.066
M11,34,138.97,38.555,37.825,1.9823,2286.25,135.18,134.871
M11,35,143.057,35.402,36.527,1.8259,2270.46,135.579,135.629
M11,36,147.145,41.352,40.813,2.0424,2271.74,129.877,130.304
M11,37,151.232,34.612,39.12,2.2559,2278.95,121.74,123.129
M11,38,155.319,38.817,39.581,2.0164,2274.17,122.663,121.876
M11,39,159.407,40.574,38.759,2.2939,2261.85,113.481,115.334
M11,40,163.494,42.353,39.52,2.4861,2262.92,112.716,112.388
M11,41,167.581,38.956,40.63,2.532,2277.8,105.903,105.857
M11,42,171.669,43.98,41.539,2.7896,2275.58,100.459,101.112
M11,43,175.756,42.02,41.216,2.7158,2261.62,98.25,98.013
M11,44,179.843,40.106,39.31,2.8528,2286.92,91.614,91.888
M11,45,183.931,46.918,41.935,3.2147,2272.33,88.823,87.394
M11,46,188.018,46.615,42.147,3.1622,2283.3,85.465,85.698
M11,47,192.105,43.896,41.493,3.1001,2279.81,83.459,83.889
M11,48,196.193,46.123,41.151,3.2913,2269.47,75.456,77.191
M11,49,200.28,48.12,41.206,3.4981,2288.77,71.266,72.627
M11,50,204.368,45.654,42.18,3.3578,2291.93,70.451,71.085
M11,51,208.455,48.533,43.363,3.5178,2285.96,63.457,64.67
M11,52,212.542,53.921,44.748,3.9164,2302.81,58.233,60.171
M11,53,216.63,51.53,44.259,3.9104,2288.1,52.188,53.25
M11,54,220.717,49.043,43.217,3.9944,2289.58,49.618,49.096
M12,0,0.0,49.219,36.787,0.8309,2432.61,125.814,125.369
M12,1,2.049,50.474,37.351,1.0331,2441.73,125.277,124.366
M12,2,4.098,53.523,37.901,1.0651,2445.64,121.871,121.624
M12,3,6.147,52.954,37.8,0.9446,2468.95,118.319,118.765
M12,4,8.196,55.392,37.278,0.9675,2443.07,116.472,117.229
M12,5,10.245,54.252,37.193,0.9858,2472.96,114.392,113.492
M12,6,12.295,56.193,38.962,0.98,2450.24,113.815,113.057
M12,7,14.344,53.114,38.653,0.874,2452.62,110.112,111.899
M12,8,16.393,56.036,39.279,1.1495,2458.12,110.837,109.667
M12,9,18.442,55.708,38.876,1.1636,2464.33,108.469,109.813
M12,10,20.491,56.09,38.821,0.9896,2466.57,107.609,107.149
M12,11,22.54,51.287,37.656,0.8498,2461.48,105.857,104.505
M12,12,24.589,52.565,40.12,1.0823,2456.18,104.949,105.442
M12,13,26.638,57.911,39.437,1.2939,2455.84,99.911,100.082
M12,14,28.687,52.403,39.115,1.1904,2465.26,95.652,96.401
M12,15,30.736,54.705,39.329,0.905,2465.81,96.811,96.652
M12,16,32.786,54.396,39.624,1.2082,2459.19,94.682,94.928
M12,17,34.835,51.519,40.491,1.2328,2455.37,94.592,94.892
M12,18,36.884,54.761,40.062,1.2633,2453.92,92.444,92.7
M12,19,38.933,52.007,38.944,1.1597,2454.62,92.78,90.636
M12,20,40.982,49.192,39.668,1.3664,2462.28,87.043,87.181
M12,21,43.031,49.566,39.715,1.3741,2437.68,86.913,85.063
M12,22,45.08,44.382,38.824,1.6818,2445.75,82.952,83.763
M12,23,47.129,46.712,38.948,1.3672,2433.3,80.741,82.613
M12,24,49.178,47.381,38.449,1.5823,2438.42,78.81,78.096
M12,25,51.227,49.843,40.601,1.4885,2425.47,77.801,76.137
M12,26,53.277,46.933,39.032,1.4518,2436.84,75.266,76.478
M12,27,55.326,45.926,38.443,1.7299,2425.25,72.476,72.18
M12,28,57.375,47.331,39.331,1.8795,2434.44,71.514,71.458
M12,29,59.424,43.178,38.011,1.6807,2427.47,67.399,68.812
M12,30,61.473,41.483,37.729,1.6929,2432.45,66.658,64.867
M12,31,63.522,43.94,38.242,1.9705,2430.61,65.284,65.515
M12,32,65.571,48.01,40.036,1.9384,2410.97,60.638,62.135
M12,33,67.62,47.903,38.846,1.81,2418.41,64.44,64.684
M12,34,69.669,41.818,39.541,2.1089,2422.73,59.958,60.274
M12,35,71.718,44.636,40.95,2.3256,2420.09,55.767,57.189
M12,36,73.768,42.095,40.078,2.3801,2410.86,55.882,54.783
M12,37,75.817,44.435,40.44,2.3383,2428.54,57.102,55.622
M12,38,77.866,43.924,41.418,2.4601,2412.18,53.242,53.293
M12,39,79.915,41.199,39.093,2.3434,2418.68,55.558,53.175
M12,40,81.964,45.011,40.45,2.3327,2419.89,50.19,49.206
M12,41,84.013,44.921,41.665,2.8631,2431.02,46.0,46.455
M12,42,86.062,45.773,41.101,2.6517,2413.73,44.098,45.132
M12,43,88.111,48.658,42.179,3.2123,2424.97,41.535,41.239
M12,44,90.16,48.566,42.877,3.0534,2430.71,41.891,42.146
M12,45,92.209,47.192,41.564,3.0212,2420.18,39.674,39.234
M12,46,94.259,48.948,42.677,2.9703,2430.97,38.968,39.658
M12,47,96.308,50.208,42.977,3.2307,2439.02,35.605,36.859
M12,48,98.357,54.106,45.925,3.7107,2435.46,34.121,34.429
M12,49,100.406,53.94,45.244,3.7386,2429.01,31.921,31.665
M12,50,102.455,57.05,47.064,3.6457,2439.57,32.233,31.265
M12,51,104.504,54.126,44.226,3.8719,2442.26,26.304,27.846
M12,52,106.553,52.594,44.966,4.0568,2438.02,25.286,25.089
M12,53,108.602,53.897,45.079,4.2212,2450.27,22.838,22.677
M12,54,110.651,54.965,45.774,3.9373,2442.32,25.753,25.904
